Date,Open,High,Low,Close,Adj Close,Volume
"August 17, 2026",490.22,492.66,481.67,485.16,485.16,9806161
"August 14, 2026",496.36,500.01,493.92,495.4,495.4,16205200
"August 13, 2026",493.27,501.34,493.01,496.88,496.88,23039000
"August 12, 2026",499.99,501.5,491.52,492.43,492.43,29001500
"August 11, 2026",504.33,505.33,499.55,503.81,503.81,23049800
"August 10, 2026",503.44,513.73,502.27,506.06,506.06,31206100
"August 07, 2026",499.21,505.18,498.73,499.99,499.99,28846200
"August 06, 2026",488.55,501.56,488.52,499.86,499.96,36441500
"August 05, 2026",496.36,498.24,485.68,487.46,48746.0,33388900
"August 04, 2026",480.9,499.44,479.17,492.31,492.81,50455500
"August 03, 2026",476.13,491.65,475.0,487.65,487.65,66762100
"July 31, 2026",450.0,466.84,449.33,464.72,46472.0,60846000
"July 30, 2026",437.9,458.69,432.44,451.1,45110.0,110160700
"July 29, 2026",393.4,401.25,388.74,390.54,390.54,47209000
"July 28, 2026",393.16,400.32,391.3,393.35,393.35,32387500
"July 27, 2026",390.08,394.2,387.99,389.1,389.1,27856200
"July 24, 2026",387.05,389.03,380.65,381.7,381.7,27659400
"July 23, 2026",389.97,391.78,377.39,381.58,381.58,30351800
"July 22, 2026",399.58,401.0,386.96,390.34,390.34,28142500
"July 21, 2026",398.81,401.47,396.32,397.75,397.75,24126600
"July 20, 2026",391.41,403.18,389.65,402.29,402.29,27915800
"July 17, 2026",394.86,398.39,389.39,393.82,393.82,33049800
"July 16, 2026",398.31,405.99,392.05,401.1,40110.0,37047400
"July 15, 2026",387.8,398.96,386.4,395.63,395.63,36253700
"July 14, 2026",382.82,388.19,378.65,384.93,384.93,27863900
"July 13, 2026",387.75,393.65,384.15,390.99,390.99,28914900
"July 10, 2026",387.8,391.91,381.5,385.1,385.1,24644600
"July 09, 2026",374.45,384.65,373.35,384.36,384.36,31083200
"July 08, 2026",384.03,385.31,381.33,383.34,383.34,25908300
"July 07, 2026",392.49,395.57,388.22,388.84,388.84,29297500
"July 06, 2026",387.04,389.15,381.22,386.74,386.74,34224500
"July 02, 2026",384.48,392.2,383.7,390.49,390.49,42128900
"July 01, 2026",380.83,388.83,374.89,384.28,384.28,48065800
"June 30, 2026",371.03,37415.0,367.45,373.02,373.02,44945700
"June 29, 2026",377.5,380.5,359.9,368.57,368.57,51229900
"June 26, 2026",357.15,376.61,355.43,372.97,372.97,186201600
"June 25, 2026",362.77,364.23,349.2,352.83,352.83,66179000
"June 24, 2026",371.57,378.88,364.78,365.46,365.46,44509900
"June 23, 2026",372.38,377.22,370.67,373.94,373.94,40647600
"June 22, 2026",375.74,381.63,367.07,367.34,367.34,45171100
"June 18, 2026",377.82,381.37,373.28,379.4,379.4,59714200
"June 17, 2026",390.25,390.37,377.32,378.91,378.91,41987800
"June 16, 2026",395.79,396.84,390.69,393.83,393.83,31506800
"June 15, 2026",396.8,401.75,392.85,399.76,39976.0,32266400
"June 12, 2026",391.43,391.74,382.27,390.74,390.74,34865800
"June 11, 2026",395.21,396.85,384.0,390.34,390.34,47224100
"June 10, 2026",398.55,405.04,397.16,397.36,397.36,32576000
"June 09, 2026",409.03,411.98,398.48,403.41,403.41,35317300
"June 08, 2026",414.14,417.16,408.56,411.74,411.74,32086700
"June 05, 2026",428.34,429.47,414.4,416.67,416.67,34782200
"June 04, 2026",435.81,436.15,426.41,428.05,428.05,26899500
"June 03, 2026",438.45,440.39,424.25,427.34,427.34,39037000
"June 02, 2026",446.88,453.5,440.43,441.31,441.31,37036800
"June 01, 2026",464.84,466.32,458.27,460.52,460.52,53628900
"May 29, 2026",432.55,450.33,432.36,450.24,450.24,79654400
"May 28, 2026",412.98,429.49,412.67,426.99,426.99,47250500
"May 27, 2026",411.01,415.94,409.58,412.67,412.67,28901500
"May 26, 2026",416.43,419.77,413.02,416.03,416.03,30398000
"May 22, 2026",419.54,424.4,416.33,418.57,418.57,22390300
"May 21, 2026",424.75,426.34,415.71,419.09,419.09,31393500
"May 20, 2026",414.17,4272.1,411.3,421.06,420.15,27864000
"May 19, 2026",429.9,432.7,416.49,417.42,416.52,33018700
"May 18, 2026",416.62,425.12,415.61,423.54,422.62,32564100
"May 15, 2026",414.27,428.17,412.91,421.92,421.01,50771200
"May 14, 2026",404.48,411.84,400.88,409.43,408.55,27077500
"May 13, 2026",403.2,406.31,401.03,405.21,404.33,29667100
"May 12, 2026",414.48,415.5,406.64,407.77,406.89,38594200
"May 11, 2026",407.87,412.69,405.5,412.66,411.77,35657900
"May 08, 2026",417.39,418.63,414.0,415.12,414.22,33383800
"May 07, 2026",420.11,427.98,418.76,420.77,419.86,34942400
"May 06, 2026",408.0,418.42,405.11,413.96,413.07,30295900
"May 05, 2026",415.32,416.78,408.8,411.38,410.49,25700900
"May 04, 2026",411.54,420.78,410.8,413.62,412.73,28066500
"May 01, 2026",412.8,417.11,410.44,414.44,413.54,31372400
"April 30, 2026",410.81,414.42,398.01,407.78,406.9,70909400
"April 29, 2026",424.58,426.82,420.29,424.46,423.54,38288300
"April 28, 2026",424.57,429.92,421.9,429.25,428.32,30438100
"April 27, 2026",422.38,427.1,417.07,424.82,423.9,30867300
"April 24, 2026",416.97,424.95,415.8,424.62,423.7,27457400
"April 23, 2026",419.89,423.66,411.41,415.75,414.85,38308000
"April 22, 2026",426.19,433.7,423.67,432.92,431.98,29378200
"April 21, 2026",420.24,42718.0,417.2,424.16,423.24,32048500
"April 20, 2026",421.15,423.33,416.3,418.07,41717.0,27582200
"April 17, 2026",424.82,431.58,420.69,422.79,4921.88,48568200
"April 16, 2026",419.86,420.82,412.14,420.26,419.35,41642
"April 15, 2026",398.0,414.37,396.73,411.22,410.33,45063400
"April 14, 2026",387.92,394.69,386.52,393.11,392.26,37504500
"April 13, 2026",373.61,384.54,371.02,384.37,383.54,35745800
"April 10, 2026",372.98,375.64,370.03,370.87,370.07,28111100
"April 09, 2026",372.5,373.5,367.05,373.07,372.26,30435300
"April 08, 2026",384.98,385.0,371.41,374.33,373.52,33064800
"April 07, 2026",370.34,372.45,366.56,372.29,371.49,21443300
"April 06, 2026",373.49,373.73,369.5,372.88,372.07,16146600
"April 02, 2026",367.21,373.64,364.15,373.46,372.65,24099100
"April 01, 2026",373.49,373.99,368.2,369.37,368.57,29417200
"March 31, 2026",364.55,372.9,363.07,370.17,369.37,45244400
"March 30, 2026",361.9,365.36,356.28,358.96,358.18,44797000
"March 27, 2026",361.9,362.45,356.51,356.77,356.0,37883400
"March 26, 2026",370.82,374.72,365.19,365.97,365.18,36836600
"March 25, 2026",376.92,377.06,369.63,371.04,370.24,31181200
"March 24, 2026",382.36,382.47,371.85,372.74,371.93,42733600
"March 23, 2026",383.9,387.21,381.68,383.0,382.17,29680100
"March 20, 2026",386.79,387.0,380.12,381.87,381.04,50853200
"March 19, 2026",390.1,392.49,387.06,389.02,388.18,25138800
"March 18, 2026",397.13,398.0,391.0,391.79,390.94,25908500
"March 17, 2026",400.27,404.4,397.75,399.41,398.55,26228300
"March 16, 2026",398.07,400.63,394.79,399.95,399.09,27733700
"March 13, 2026",401.0,404.8,394.25,395.55,394.7,26848000
"March 12, 2026",404.63,406.12,401.71,401.86,400.99,27263900
"March 11, 2026",405.57,409.01,401.59,404.88,404.0,25512100
"March 10, 2026",410.03,410.2,402.93,405.76,404.88,31706400
"March 09, 2026",404.92,410.21,403.5,409.41,408.53,30131900
"March 06, 2026",409.2,413.05,408.51,408.96,408.08,31123900
"March 05, 2026",404.42,411.61,404.4,410.68,409.79,39001300
"March 04, 2026",401.27,411.03,400.31,405.2,404.32,35808000
"March 03, 2026",393.14,406.7,392.67,403.93,403.06,38199200
"March 02, 2026",392.86,401.19,390.63,398.55,397.69,35474900
"February 27, 2026",390.88,396.82,389.88,392.74,391.89,51367200
"February 26, 2026",404.71,407.49,398.74,401.72,400.85,34405900
"February 25, 2026",390.53,401.47,390.16,400.6,399.73,43625500
"February 24, 2026",384.14,389.36,381.71,389.0,388.16,33884700
"February 23, 2026",395.0,395.36,383.1,384.47,383.64,43238300
"February 20, 2026",396.11,400.12,395.16,397.23,396.37,34015200
"February 19, 2026",400.69,404.43,396.67,398.46,397.6,28234000
"February 18, 2026",398.13,402.56,396.32,399.6,397.83,23223400
"February 17, 2026",399.22,400.52,394.53,396.86,395.1,32078800
"February 13, 2026",404.45,405.54,398.05,401.32,399.54,34091600
"February 12, 2026",405.0,406.2,398.01,401.84,400.06,40802400
"February 11, 2026",416.18,416.46,401.01,404.37,402.58,42491000
"February 10, 2026",419.62,423.68,412.7,413.27,411.44,44857900
"February 09, 2026",404.85,414.89,400.87,413.6,41177.0,45480500
"February 06, 2026",399.17,401.79,392.92,401.14,399.36,53515300
"February 05, 2026",407.44,408.3,392.32,393.67,391.92,66289200
"February 04, 2026",411.0,419.8,409.24,414.19,412.35,45012400
"February 03, 2026",422.01,422.05,408.56,411.21,409.39,61424100
"February 02, 2026",430.24,430.74,422.25,423.37,421.49,42219900
"January 30, 2026",439.17,439.6,426.45,430.29,428.38,58566800
"January 29, 2026",439.99,442.5,421.02,433.5,431.58,128855300
"January 28, 2026",483.21,483.74,478.0,481.63,479.49,36875400
"January 27, 2026",473.7,482.87,473.16,480.58,478.45,29213900
"January 26, 2026",465.31,474.25,462.0,470.28,468.2,29291200
"January 23, 2026",451.87,471.1,450.53,465.95,463.88,38000200
"January 22, 2026",447.62,452.84,444.7,451.14,449.14,25349400
"January 21, 2026",452.6,452.69,438.68,444.11,442.14,37980500
"January 20, 2026",451.22,456.8,449.28,454.52,452.5,26130000
"January 16, 2026",457.83,463.19,456.48,459.86,457.82,34246700
"January 15, 2026",464.12,464.25,455.9,456.66,454.64,23226800
"January 14, 2026",466.46,468.2,457.17,459.38,457.34,28184300
"January 13, 2026",474.68,475.78,465.95,470.67,468.58,28545800
"January 12, 2026",476.67,480.99,475.68,477.18,475.06,23519900
"January 09, 2026",474.06,479.82,472.2,479.28,477.16,18491000
"January 08, 2026",481.24,482.66,475.86,478.11,475.99,18162600
"January 07, 2026",479.76,489.7,477.95,483.47,481.33,25564200
"January 06, 2026",473.8,478.74,469.75,478.51,476.39,23037700
"January 05, 2026",474.06,478.07,469.5,472.85,4710.75,25250300
"January 02, 2026",484.39,484.66,470.16,472.94,470.84,25571600
"December 31, 2025",487.84,488.14,483.3,483.62,481.48,15601600
"December 30, 2025",485.93,489.68,485.5,487.48,485.32,13944500
"December 29, 2025",484.86,488.35,484.18,487.1,484.94,10893400
"December 26, 2025",486.71,48812.0,485.96,48771.0,485.55,8842200
"December 24, 2025",485.68,489.16,484.83,488.02,485.86,5855900
"December 23, 2025",484.98,487.83,484.74,486.85,434.69,14683600
"December 22, 2025",486.12,488.73,482.69,484.92,482.77,16963000
"December 19, 2025",487.36,487.85,482.49,485.92,483.77,70836100
"December 18, 2025",478.19,489.6,477.89,483.98,481.83,28573500
"December 17, 2025",476.91,480.0,475.0,476.12,474.01,24527200
"December 16, 2025",471.91,477.89,470.88,476.39,474.28,20705600
"December 12, 2025",479.82,482.45,476.34,478.53,476.41,21248100
"December 11, 2025",476.63,486.03,475.86,483.47,481.33,24669200
"December 04, 2025",479.76,481.32,478.49,480.84,478.71,22318200
"December 03, 2025",476.32,484.24,475.2,477.73,475.61,34615100
"December 02, 2025",486.72,493.5,486.32,490.0,487.83,19562700
"December 01, 2025",488.44,489.86,484.65,486.74,484.58,23964000
"November 28, 2025",487.6,492.63,486.65,492.01,489.83,14386700
"November 26, 2025",486.31,488.31,481.2,485.5,483.35,25709100
"November 25, 2025",474.07,479.15,464.89,476.39,474.88,28019800
"November 24, 2025",475.0,476.9,468.02,474.0,471.9,34421000
"November 21, 2025",478.5,478.92,468.27,472.12,470.03,31769200
"November 20, 2025",492.71,493.57,475.5,478.43,476.31,26802500
"November 19, 2025",490.1,495.19,482.83,487.12,484.05,23245300
"November 18, 2025",495.37,502.98,486.78,493.79,490.68,33815100
"November 17, 2025",508.45,512.12,504.91,507.49,504.3,19092800
"November 14, 2025",498.23,511.6,497.44,510.18,506.97,28505700
"November 13, 2025",510.31,513.5,501.29,503.29,500.12,25273100
"November 12, 2025",509.36,511.67,499.12,511.14,510.19,26574900
"November 11, 2025",504.8,509.6,502.35,508.68,505.48,17980000
"November 10, 2025",500.04,506.85,498.8,506.0,502.82,26101500
"November 07, 2025",496.95,499.38,493.25,496.82,493.69,24019800
"November 06, 2025",505.66,505.7,495.81,497.1,493.97,27406500
"November 05, 2025",513.3,514.83,506.58,507.16,503.97,23024300
"November 04, 2025",511.76,515.55,507.84,514.33,511.09,20958700
"November 03, 2025",519.81,524.96,514.59,517.03,513.78,22374700
"October 31, 2025",528.88,529.32,515.1,517.81,514.55,34006400
"October 30, 2025",530.48,534.97,522.12,525.76,522.45,41023100
"October 29, 2025",544.94,546.27,536.73,541.55,538.14,36023000
"October 28, 2025",550.0,553.72,540.77,542.07,538.66,29986700
"October 27, 2025",531.78,534.58,529.01,531.52,528.17,18734700
"October 24, 2025",522.79,525.35,520.71,523.61,520.31,15532400
"October 23, 2025",522.46,523.95,518.61,520.56,517.28,14023500
"October 22, 2025",521.15,525.23,517.71,520.54,517.26,18962700
"October 21, 2025",517.5,518.69,513.04,517.66,514.4,15596200
"October 20, 2025",514.61,518.7,513.43,516.79,513.54,14665600
"October 17, 2025",509.04,515.48,507.31,513.58,510.35,19867800
"October 16, 2025",512.58,516.85,508.13,511.61,508.39,15559600
"October 15, 2025",514.96,517.19,510.0,513.43,510.2,14694700
"October 14, 2025",510.23,516.28,506.0,513.57,510.34,14684
"October 13, 2025",516.41,516.41,511.68,514.05,510.81,14284200
"October 10, 2025",519.64,523.58,509.63,510.96,507.74,24133800
"October 09, 2025",522.34,524.33,517.4,522.4,519.11,18343600
"October 08, 2025",523.28,526.95,23.09,24.85,571.55,13363400
"October 07, 2025",528.29,529.8,521.44,523.98,520.68,14615200
"October 06, 2025",518.61,531.03,518.2,528.57,525.24,21388600
"October 03, 2025",517.1,520.49,15.0,517.35,514.09,15112
"October 02, 2025",517.64,521.6,510.68,515.74,512.49,21222900
"October 01, 2025",514.8,520.51,511.69,519.71,516.44,22632300
"September 30, 2025",513.24,518.16,509.66,517.95,514.69,19728200
"September 29, 2025",511.5,516.85,508.88,514.6,511.36,17617800
"September 26, 2025",510.06,513.94,506.62,511.46,508.24,16213100
"September 25, 2025",508.3,510.01,505.04,507.03,503.84,15786500
"September 24, 2025",510.38,512.48,506.92,510.15,506.94,13533700
"September 23, 2025",513.8,514.59,507.31,509.23,506.03,19799600
"September 22, 2025",515.59,517.74,512.54,514.45,511.21,20009300
"September 19, 2025",510.56,519.3,510.31,517.93,514.67,52474100
"September 18, 2025",511.49,513.07,507.66,508.45,505.25,18913700
"September 17, 2025",510.62,511.29,505.93,510.02,506.81,15816600
"September 16, 2025",516.88,517.23,508.6,509.04,505.84,19711900
"September 15, 2025",508.79,515.47,507.0,515.36,512.12,17143800
"September 12, 2025",506.65,512.55,503.85,509.9,506.69,23624900
"September 11, 2025",502.25,503.17,497.88,501.01,497.86,18881600
"September 10, 2025",502.98,503.23,496.72,500.37,497.22,21611800
"September 09, 2025",501.43,502.25,497.7,498.41,495.27,14410500
"September 08, 2025",498.11,501.2,495.03,498.2,495.06,16771000
"September 05, 2025",509.07,511.97,492.37,495.0,491.88,31994800
"September 04, 2025",504.3,508.15,503.15,507.97,504.77,15509500
"September 03, 2025",503.79,507.79,502.32,505.35,502.17,16345100
"September 02, 2025",500.47,506.0,496.81,505.12,501.94,18128000
"August 29, 2025",508.66,509.6,504.49,506.69,503.5,20961600
"August 28, 2025",507.09,511.09,505.5,509.64,506.43,18015600
"August 27, 2025",502.0,507.29,499.9,506.74,503.55,17277900
"August 26, 2025",504.36,504.98,498.51,502.04,493.88,30835700
"August 25, 2025",506.63,508.19,504.12,504.26,501.09,21638600
"August 22, 2025",504.25,510.73,502.41,507.23,504.04,24324200
"August 21, 2025",503.69,507.63,502.72,504.24,501.07,18443300
"August 20, 2025",509.87,511.0,504.44,505.72,501.71,27723000
"August 19, 2025",515.0,515.16,508.55,509.77,505.73,21481000
"August 18, 2025",521.59,522.82,514.02,517.1,513.0,23760600
